1;Bjørnen;Bjørn;hovedbevægelser;bjørnemail;1234678;Danmark;9876;DR byen;sigurds hylde;2
2;Johnson;MedEnFlaskPatron;VælterInd;IKlubben;LissomDonkeyKong;DelerSpruttenUd;147;LissomAlCapone;TænderKameraet;OliverStone
3;Anders;And;Rap;and@andeby.dk;11223344;Disneyland;1122;Andeby;andegade;21
4;Steen;Steensen;Dansk;steen@rockmail.dk;11111111;Danmark;1111;Stenby;Stengade;1
5;Admin;Admin;Dansk;Admin@Admin.dk;11111111;Danmark;1111;Adminby;Admingade;1
6;Admin;Admin;Dansk;Admin@Admin.dk;11111111;Danmark;1111;Adminby;Admingade;1
7;test1;test;test;test;test;test;1;test;test;test
8;test;test;test;test;test;test;1;test;test;test
9;test2;test;test;test;test;test;1;test;test;test
10;test3;test;test;test;test;test;1;test;test;test
11;test4;test;test;test;test;test;1;test;test;test
12;test;test;test;test;test;test;1;test;test;test
